<?xml version="1.0" encoding="UTF-8"?>

<configuration scan="true" scanPeriod="60 seconds" debug="false">
	<contextName>api</contextName>
	<property name="period" value="5" scope="context"/>
	<appender name="console" class="ch.qos.logback.core.ConsoleAppender">
		<encoder>
			<pattern>%d [%thread] %-5level %logger{36} - %msg%n</pattern>
		</encoder>
	</appender>
    <appender name="logFile"   class="ch.qos.logback.core.rolling.RollingFileAppender">
        <rollingPolicy class="ch.qos.logback.core.rolling.TimeBasedRollingPolicy">    
           <fileNamePattern>e:/logs/logFile.%d{yyyy-MM-dd}.log</fileNamePattern>    
           <maxHistory>30</maxHistory>     
        </rollingPolicy>   
        <encoder>
            <pattern>%d [%thread] %-5level %logger - %msg%n</pattern>
        </encoder>
    </appender>                                                                                                                                                        
	<!-- show parameters for hibernate sql -->  
	<logger name="org.hibernate.type.descriptor.sql.BasicBinder"  level="TRACE" />  
    <logger name="org.hibernate.type.descriptor.sql.BasicExtractor"  level="DEBUG" />  
    <logger name="org.hibernate.SQL" level="DEBUG" />
    <logger name="org.hibernate.type" level="TRACE" />
    <logger name="org.hibernate.engine.QueryParameters" level="DEBUG" />  
    <logger name="org.hibernate.engine.query.HQLQueryPlan" level="DEBUG" />  
    
	<root level="info">
		<appender-ref ref="console" />
		<appender-ref ref="logFile" />
	</root>
</configuration>