[{"url":"https://api.github.com/gists/6cad326836d38bd3a7ae","forks_url":"https://api.github.com/gists/6cad326836d38bd3a7ae/forks","commits_url":"https://api.github.com/gists/6cad326836d38bd3a7ae/commits","id":"6cad326836d38bd3a7ae","git_pull_url":"https://gist.github.com/6cad326836d38bd3a7ae.git","git_push_url":"https://gist.github.com/6cad326836d38bd3a7ae.git","html_url":"https://gist.github.com/6cad326836d38bd3a7ae","files":{"hello_world.rb":{"filename":"hello_world.rb","type":"application/x-ruby","language":"Ruby","raw_url":"https://gist.githubusercontent.com/octocat/6cad326836d38bd3a7ae/raw/db9c55113504e46fa076e7df3a04ce592e2e86d8/hello_world.rb","size":175}},"public":true,"created_at":"2014-10-01T16:19:34Z","updated_at":"2017-05-26T02:56:09Z","description":"Hello world!","comments":124,"user":null,"comments_url":"https://api.github.com/gists/6cad326836d38bd3a7ae/comments","owner":{"login":"octocat","id":583231,"avatar_url":"https://avatars0.githubusercontent.com/u/583231?v=3","gravatar_id":"","url":"https://api.github.com/users/octocat","html_url":"https://github.com/octocat","followers_url":"https://api.github.com/users/octocat/followers","following_url":"https://api.github.com/users/octocat/following{/other_user}","gists_url":"https://api.github.com/users/octocat/gists{/gist_id}","starred_url":"https://api.github.com/users/octocat/starred{/owner}{/repo}","subscriptions_url":"https://api.github.com/users/octocat/subscriptions","organizations_url":"https://api.github.com/users/octocat/orgs","repos_url":"https://api.github.com/users/octocat/repos","events_url":"https://api.github.com/users/octocat/events{/privacy}","received_events_url":"https://api.github.com/users/octocat/received_events","type":"User","site_admin":false},"truncated":false},{"url":"https://api.github.com/gists/0831f3fbd83ac4d46451","forks_url":"https://api.github.com/gists/0831f3fbd83ac4d46451/forks","commits_url":"https://api.github.com/gists/0831f3fbd83ac4d46451/commits","id":"0831f3fbd83ac4d46451","git_pull_url":"https://gist.github.com/0831f3fbd83ac4d46451.git","git_push_url":"https://gist.github.com/0831f3fbd83ac4d46451.git","html_url":"https://gist.github.com/0831f3fbd83ac4d46451","files":{"git-author-rewrite.sh":{"filename":"git-author-rewrite.sh","type":"application/x-sh","language":"Shell","raw_url":"https://gist.githubusercontent.com/octocat/0831f3fbd83ac4d46451/raw/db76e0abc9cca660de31ffd2e0b2da2e7821417a/git-author-rewrite.sh","size":494}},"public":true,"created_at":"2014-07-23T23:15:04Z","updated_at":"2017-05-23T07:42:32Z","description":"","comments":12,"user":null,"comments_url":"https://api.github.com/gists/0831f3fbd83ac4d46451/comments","owner":{"login":"octocat","id":583231,"avatar_url":"https://avatars0.githubusercontent.com/u/583231?v=3","gravatar_id":"","url":"https://api.github.com/users/octocat","html_url":"https://github.com/octocat","followers_url":"https://api.github.com/users/octocat/followers","following_url":"https://api.github.com/users/octocat/following{/other_user}","gists_url":"https://api.github.com/users/octocat/gists{/gist_id}","starred_url":"https://api.github.com/users/octocat/starred{/owner}{/repo}","subscriptions_url":"https://api.github.com/users/octocat/subscriptions","organizations_url":"https://api.github.com/users/octocat/orgs","repos_url":"https://api.github.com/users/octocat/repos","events_url":"https://api.github.com/users/octocat/events{/privacy}","received_events_url":"https://api.github.com/users/octocat/received_events","type":"User","site_admin":false},"truncated":false},{"url":"https://api.github.com/gists/2a6851cde24cdaf4b85b","forks_url":"https://api.github.com/gists/2a6851cde24cdaf4b85b/forks","commits_url":"https://api.github.com/gists/2a6851cde24cdaf4b85b/commits","id":"2a6851cde24cdaf4b85b","git_pull_url":"https://gist.github.com/2a6851cde24cdaf4b85b.git","git_push_url":"https://gist.github.com/2a6851cde24cdaf4b85b.git","html_url":"https://gist.github.com/2a6851cde24cdaf4b85b","files":{"ssh_key_add.sh":{"filename":"ssh_key_add.sh","type":"application/x-sh","language":"Shell","raw_url":"https://gist.githubusercontent.com/octocat/2a6851cde24cdaf4b85b/raw/262294097f4852ec26a0019ad7e34d692be1328d/ssh_key_add.sh","size":1317}},"public":true,"created_at":"2014-07-03T19:33:02Z","updated_at":"2017-05-20T18:13:41Z","description":"","comments":0,"user":null,"comments_url":"https://api.github.com/gists/2a6851cde24cdaf4b85b/comments","owner":{"login":"octocat","id":583231,"avatar_url":"https://avatars0.githubusercontent.com/u/583231?v=3","gravatar_id":"","url":"https://api.github.com/users/octocat","html_url":"https://github.com/octocat","followers_url":"https://api.github.com/users/octocat/followers","following_url":"https://api.github.com/users/octocat/following{/other_user}","gists_url":"https://api.github.com/users/octocat/gists{/gist_id}","starred_url":"https://api.github.com/users/octocat/starred{/owner}{/repo}","subscriptions_url":"https://api.github.com/users/octocat/subscriptions","organizations_url":"https://api.github.com/users/octocat/orgs","repos_url":"https://api.github.com/users/octocat/repos","events_url":"https://api.github.com/users/octocat/events{/privacy}","received_events_url":"https://api.github.com/users/octocat/received_events","type":"User","site_admin":false},"truncated":false},{"url":"https://api.github.com/gists/9257657","forks_url":"https://api.github.com/gists/9257657/forks","commits_url":"https://api.github.com/gists/9257657/commits","id":"9257657","git_pull_url":"https://gist.github.com/9257657.git","git_push_url":"https://gist.github.com/9257657.git","html_url":"https://gist.github.com/9257657","files":{".gitignore":{"filename":".gitignore","type":"text/plain","language":null,"raw_url":"https://gist.githubusercontent.com/octocat/9257657/raw/c91b435be351fcdff00f6f97f20824d0286b99ef/.gitignore","size":443}},"public":true,"created_at":"2014-02-27T19:38:27Z","updated_at":"2017-05-25T15:31:02Z","description":"Some common .gitignore configurations","comments":80,"user":null,"comments_url":"https://api.github.com/gists/9257657/comments","owner":{"login":"octocat","id":583231,"avatar_url":"https://avatars0.githubusercontent.com/u/583231?v=3","gravatar_id":"","url":"https://api.github.com/users/octocat","html_url":"https://github.com/octocat","followers_url":"https://api.github.com/users/octocat/followers","following_url":"https://api.github.com/users/octocat/following{/other_user}","gists_url":"https://api.github.com/users/octocat/gists{/gist_id}","starred_url":"https://api.github.com/users/octocat/starred{/owner}{/repo}","subscriptions_url":"https://api.github.com/users/octocat/subscriptions","organizations_url":"https://api.github.com/users/octocat/orgs","repos_url":"https://api.github.com/users/octocat/repos","events_url":"https://api.github.com/users/octocat/events{/privacy}","received_events_url":"https://api.github.com/users/octocat/received_events","type":"User","site_admin":false},"truncated":false},{"url":"https://api.github.com/gists/1305321","forks_url":"https://api.github.com/gists/1305321/forks","commits_url":"https://api.github.com/gists/1305321/commits","id":"1305321","git_pull_url":"https://gist.github.com/1305321.git","git_push_url":"https://gist.github.com/1305321.git","html_url":"https://gist.github.com/1305321","files":{"test.cs":{"filename":"test.cs","type":"text/plain","language":"C#","raw_url":"https://gist.githubusercontent.com/octocat/1305321/raw/57aa0172cb4a580ebaece3ec793e10599cb957c6/test.cs","size":303}},"public":true,"created_at":"2011-10-22T00:18:47Z","updated_at":"2015-09-27T17:27:49Z","description":null,"comments":0,"user":null,"comments_url":"https://api.github.com/gists/1305321/comments","owner":{"login":"octocat","id":583231,"avatar_url":"https://avatars0.githubusercontent.com/u/583231?v=3","gravatar_id":"","url":"https://api.github.com/users/octocat","html_url":"https://github.com/octocat","followers_url":"https://api.github.com/users/octocat/followers","following_url":"https://api.github.com/users/octocat/following{/other_user}","gists_url":"https://api.github.com/users/octocat/gists{/gist_id}","starred_url":"https://api.github.com/users/octocat/starred{/owner}{/repo}","subscriptions_url":"https://api.github.com/users/octocat/subscriptions","organizations_url":"https://api.github.com/users/octocat/orgs","repos_url":"https://api.github.com/users/octocat/repos","events_url":"https://api.github.com/users/octocat/events{/privacy}","received_events_url":"https://api.github.com/users/octocat/received_events","type":"User","site_admin":false},"truncated":false},{"url":"https://api.github.com/gists/1169854","forks_url":"https://api.github.com/gists/1169854/forks","commits_url":"https://api.github.com/gists/1169854/commits","id":"1169854","git_pull_url":"https://gist.github.com/1169854.git","git_push_url":"https://gist.github.com/1169854.git","html_url":"https://gist.github.com/1169854","files":{"test.cs":{"filename":"test.cs","type":"text/plain","language":"C#","raw_url":"https://gist.githubusercontent.com/octocat/1169854/raw/09754c5f1c8d1c4e92bd8b77dfd1ef085152f71e/test.cs","size":7252}},"public":true,"created_at":"2011-08-25T02:45:38Z","updated_at":"2015-09-26T22:37:54Z","description":null,"comments":0,"user":null,"comments_url":"https://api.github.com/gists/1169854/comments","owner":{"login":"octocat","id":583231,"avatar_url":"https://avatars0.githubusercontent.com/u/583231?v=3","gravatar_id":"","url":"https://api.github.com/users/octocat","html_url":"https://github.com/octocat","followers_url":"https://api.github.com/users/octocat/followers","following_url":"https://api.github.com/users/octocat/following{/other_user}","gists_url":"https://api.github.com/users/octocat/gists{/gist_id}","starred_url":"https://api.github.com/users/octocat/starred{/owner}{/repo}","subscriptions_url":"https://api.github.com/users/octocat/subscriptions","organizations_url":"https://api.github.com/users/octocat/orgs","repos_url":"https://api.github.com/users/octocat/repos","events_url":"https://api.github.com/users/octocat/events{/privacy}","received_events_url":"https://api.github.com/users/octocat/received_events","type":"User","site_admin":false},"truncated":false},{"url":"https://api.github.com/gists/1169852","forks_url":"https://api.github.com/gists/1169852/forks","commits_url":"https://api.github.com/gists/1169852/commits","id":"1169852","git_pull_url":"https://gist.github.com/1169852.git","git_push_url":"https://gist.github.com/1169852.git","html_url":"https://gist.github.com/1169852","files":{"test.cs":{"filename":"test.cs","type":"text/plain","language":"C#","raw_url":"https://gist.githubusercontent.com/octocat/1169852/raw/c3dbb09bfaad34e0a3d81f13902ec5f11b86831d/test.cs","size":536}},"public":true,"created_at":"2011-08-25T02:43:53Z","updated_at":"2016-04-14T08:54:50Z","description":null,"comments":3,"user":null,"comments_url":"https://api.github.com/gists/1169852/comments","owner":{"login":"octocat","id":583231,"avatar_url":"https://avatars0.githubusercontent.com/u/583231?v=3","gravatar_id":"","url":"https://api.github.com/users/octocat","html_url":"https://github.com/octocat","followers_url":"https://api.github.com/users/octocat/followers","following_url":"https://api.github.com/users/octocat/following{/other_user}","gists_url":"https://api.github.com/users/octocat/gists{/gist_id}","starred_url":"https://api.github.com/users/octocat/starred{/owner}{/repo}","subscriptions_url":"https://api.github.com/users/octocat/subscriptions","organizations_url":"https://api.github.com/users/octocat/orgs","repos_url":"https://api.github.com/users/octocat/repos","events_url":"https://api.github.com/users/octocat/events{/privacy}","received_events_url":"https://api.github.com/users/octocat/received_events","type":"User","site_admin":false},"truncated":false},{"url":"https://api.github.com/gists/1162032","forks_url":"https://api.github.com/gists/1162032/forks","commits_url":"https://api.github.com/gists/1162032/commits","id":"1162032","git_pull_url":"https://gist.github.com/1162032.git","git_push_url":"https://gist.github.com/1162032.git","html_url":"https://gist.github.com/1162032","files":{"test.cs":{"filename":"test.cs","type":"text/plain","language":"C#","raw_url":"https://gist.githubusercontent.com/octocat/1162032/raw/51eb1d630526c18d123b67637ffcc1e88fb3909b/test.cs","size":77}},"public":true,"created_at":"2011-08-22T09:46:16Z","updated_at":"2015-09-26T21:28:07Z","description":null,"comments":0,"user":null,"comments_url":"https://api.github.com/gists/1162032/comments","owner":{"login":"octocat","id":583231,"avatar_url":"https://avatars0.githubusercontent.com/u/583231?v=3","gravatar_id":"","url":"https://api.github.com/users/octocat","html_url":"https://github.com/octocat","followers_url":"https://api.github.com/users/octocat/followers","following_url":"https://api.github.com/users/octocat/following{/other_user}","gists_url":"https://api.github.com/users/octocat/gists{/gist_id}","starred_url":"https://api.github.com/users/octocat/starred{/owner}{/repo}","subscriptions_url":"https://api.github.com/users/octocat/subscriptions","organizations_url":"https://api.github.com/users/octocat/orgs","repos_url":"https://api.github.com/users/octocat/repos","events_url":"https://api.github.com/users/octocat/events{/privacy}","received_events_url":"https://api.github.com/users/octocat/received_events","type":"User","site_admin":false},"truncated":false}]